{
    "depth_scale": 0.0010000000474974513,
    "intrinsics": {
        "depth": {
            "width": 1280,
            "height": 720,
            "ppx": 632.8480834960938,
            "ppy": 384.1293029785156,
            "fx": 899.95458984375,
            "fy": 899.95458984375,
            "model": "distortion.brown_conrady",
            "coeffs": [
                0.0,
                0.0,
                0.0,
                0.0,
                0.0
            ]
        },
        "color": {
            "width": 1280,
            "height": 720,
            "ppx": 636.4371337890625,
            "ppy": 363.9315490722656,
            "fx": 911.01806640625,
            "fy": 909.2081909179688,
            "model": "distortion.inverse_brown_conrady",
            "coeffs": [
                0.0,
                0.0,
                0.0,
                0.0,
                0.0
            ]
        }
    },
    "extrinsics": {
        "depth_to_color": {
            "rotation": [
                [
                    0.9999990463256836,
                    0.0013394164852797985,
                    0.00027322390815243125
                ],
                [
                    -0.0013383369660004973,
                    0.9999914765357971,
                    -0.003914329223334789
                ],
                [
                    -0.00027846411103382707,
                    0.003913959953933954,
                    0.999992311000824
                ]
            ],
            "translation": [
                0.015152878127992153,
                0.0001503358071204275,
                -0.00048524458543397486
            ]
        },
        "color_to_depth": {
            "rotation": [
                [
                    0.9999990463256836,
                    -0.0013383369660004973,
                    -0.00027846411103382707
                ],
                [
                    0.0013394164852797985,
                    0.9999914765357971,
                    0.003913959953933954
                ],
                [
                    0.00027322390815243125,
                    -0.003914329223334789,
                    0.999992311000824
                ]
            ],
            "translation": [
                -0.01515293400734663,
                -0.00013195426436141133,
                0.0004888719995506108
            ]
        }
    }
}