{
    "depth_scale": 0.0010000000474974513,
    "intrinsics": {
        "depth": {
            "width": 1280,
            "height": 720,
            "ppx": 632.6915893554688,
            "ppy": 383.97265625,
            "fx": 900.0674438476562,
            "fy": 900.0674438476562,
            "model": "distortion.brown_conrady",
            "coeffs": [
                0.0,
                0.0,
                0.0,
                0.0,
                0.0
            ]
        },
        "color": {
            "width": 1280,
            "height": 720,
            "ppx": 636.4371337890625,
            "ppy": 363.9315490722656,
            "fx": 911.01806640625,
            "fy": 909.2081909179688,
            "model": "distortion.inverse_brown_conrady",
            "coeffs": [
                0.0,
                0.0,
                0.0,
                0.0,
                0.0
            ]
        }
    },
    "extrinsics": {
        "depth_to_color": {
            "rotation": [
                [
                    0.9999984502792358,
                    0.0017436681082472205,
                    -3.4469805541448295e-05
                ],
                [
                    -0.001743800356052816,
                    0.9999892115592957,
                    -0.004307812545448542
                ],
                [
                    2.6958035959978588e-05,
                    0.004307866096496582,
                    0.999990701675415
                ]
            ],
            "translation": [
                0.015152666717767715,
                0.00015625852392986417,
                -0.0004899608320556581
            ]
        },
        "color_to_depth": {
            "rotation": [
                [
                    0.9999984502792358,
                    -0.001743800356052816,
                    2.6958035959978588e-05
                ],
                [
                    0.0017436681082472205,
                    0.9999892115592957,
                    0.004307866096496582
                ],
                [
                    -3.4469805541448295e-05,
                    -0.004307812545448542,
                    0.999990701675415
                ]
            ],
            "translation": [
                -0.015152933076024055,
                -0.00013194428174756467,
                0.0004888746771030128
            ]
        }
    }
}
