{
  "stereo_pose_000": {
    "robot_tcp_pose": [
      -287.0545349121094,
      206.6794891357422,
      425.9207763671875,
      -164.6363525390625,
      -1.5453455448150635,
      -176.8860626220703
    ],
    "robot_joints_pose": [
      -55.259708404541016,
      -79.13898468017578,
      46.55918884277344,
      -45.01849365234375,
      -80.73080444335938,
      -149.59136962890625
    ]
  },
  "stereo_pose_001": {
    "robot_tcp_pose": [
      -288.5068664550781,
      153.95761108398438,
      463.1187744140625,
      -169.40859985351562,
      -4.272542953491211,
      -170.55970764160156
    ],
    "robot_joints_pose": [
      -49.203521728515625,
      -83.286376953125,
      42.95197296142578,
      -42.752262115478516,
      -80.89875030517578,
      -149.59092712402344
    ]
  },
  "stereo_pose_002": {
    "robot_tcp_pose": [
      -289.14605712890625,
      154.6715850830078,
      463.7926940917969,
      -170.31838989257812,
      -5.542742729187012,
      -164.62451171875
    ],
    "robot_joints_pose": [
      -49.200477600097656,
      -83.27549743652344,
      42.95306396484375,
      -43.222389221191406,
      -80.89810180664062,
      -155.5601043701172
    ]
  },
  "stereo_pose_003": {
    "robot_tcp_pose": [
      -258.7064208984375,
      118.9897232055664,
      488.66925048828125,
      -172.02304077148438,
      -6.523458003997803,
      -164.46224975585938
    ],
    "robot_joints_pose": [
      -49.2017822265625,
      -89.7924575805664,
      42.95110321044922,
      -38.65534210205078,
      -80.73667907714844,
      -155.55987548828125
    ]
  },
  "stereo_pose_004": {
    "robot_tcp_pose": [
      -263.6265869140625,
      107.74979400634766,
      487.78338623046875,
      -169.27801513671875,
      -4.56020450592041,
      -178.3802947998047
    ],
    "robot_joints_pose": [
      -47.1802978515625,
      -89.76461029052734,
      42.97916793823242,
      -38.049896240234375,
      -79.5531997680664,
      -139.70062255859375
    ]
  },
  "stereo_pose_005": {
    "robot_tcp_pose": [
      -200.03640747070312,
      25.212087631225586,
      523.698974609375,
      -173.73236083984375,
      -8.55268669128418,
      -174.5199432373047
    ],
    "robot_joints_pose": [
      -43.824790954589844,
      -102.8102798461914,
      42.950233459472656,
      -30.933584213256836,
      -79.43985748291016,
      -139.70062255859375
    ]
  },
  "stereo_pose_006": {
    "robot_tcp_pose": [
      -204.24920654296875,
      -35.63358688354492,
      543.3117065429688,
      170.12916564941406,
      -6.534552097320557,
      -134.2159881591797
    ],
    "robot_joints_pose": [
      -20.66756820678711,
      -102.80896759033203,
      42.95066833496094,
      -41.79938888549805,
      -88.03485870361328,
      -155.68606567382812
    ]
  },
  "stereo_pose_007": {
    "robot_tcp_pose": [
      -175.88743591308594,
      -46.65283203125,
      542.49169921875,
      177.99493408203125,
      -10.034815788269043,
      -177.1927032470703
    ],
    "robot_joints_pose": [
      -20.666913986206055,
      -106.15403747558594,
      42.94871139526367,
      -36.802677154541016,
      -87.8638687133789,
      -113.11109924316406
    ]
  },
  "stereo_pose_008": {
    "robot_tcp_pose": [
      -175.36387634277344,
      -46.84321594238281,
      541.705322265625,
      -178.41336059570312,
      -9.728072166442871,
      162.57708740234375
    ],
    "robot_joints_pose": [
      -20.666696548461914,
      -106.15555572509766,
      42.94849395751953,
      -36.41717529296875,
      -87.86799621582031,
      -93.19930267333984
    ]
  },
  "stereo_pose_009": {
    "robot_tcp_pose": [
      -190.19082641601562,
      -96.87770080566406,
      530.2534790039062,
      176.936279296875,
      -10.425003051757812,
      168.6727294921875
    ],
    "robot_joints_pose": [
      1.2032748460769653,
      -102.43608856201172,
      46.78304672241211,
      -43.872215270996094,
      -95.24275970458984,
      -77.62699890136719
    ]
  },
  "stereo_pose_010": {
    "robot_tcp_pose": [
      -164.24072265625,
      -221.37689208984375,
      487.6762390136719,
      154.20457458496094,
      -2.687329053878784,
      -150.0509490966797
    ],
    "robot_joints_pose": [
      41.17632293701172,
      -90.97006225585938,
      48.33440399169922,
      -44.606666564941406,
      -115.78849792480469,
      -77.52584075927734
    ]
  },
  "stereo_pose_011": {
    "robot_tcp_pose": [
      -164.2349853515625,
      -221.37049865722656,
      487.673095703125,
      154.2040557861328,
      -2.68467378616333,
      -150.0509490966797
    ],
    "robot_joints_pose": [
      41.17610549926758,
      -90.97071075439453,
      48.33462142944336,
      -44.60362243652344,
      -115.78849792480469,
      -77.52605438232422
    ]
  },
  "stereo_pose_012": {
    "robot_tcp_pose": [
      -164.2054901123047,
      -221.36329650878906,
      487.662841796875,
      154.9803009033203,
      -7.0179009437561035,
      -159.20033264160156
    ],
    "robot_joints_pose": [
      41.178279876708984,
      -90.97201538085938,
      48.33418655395508,
      -44.593833923339844,
      -115.7861099243164,
      -67.42864227294922
    ]
  },
  "stereo_pose_013": {
    "robot_tcp_pose": [
      -132.9739227294922,
      -323.07086181640625,
      410.770263671875,
      139.8748321533203,
      6.917394161224365,
      -137.8646240234375
    ],
    "robot_joints_pose": [
      60.44133758544922,
      -76.00254821777344,
      48.35224533081055,
      -41.450435638427734,
      -125.65618133544922,
      -67.43408203125
    ]
  },
  "stereo_pose_014": {
    "robot_tcp_pose": [
      -132.9698028564453,
      -323.077392578125,
      410.75921630859375,
      139.87515258789062,
      6.919291973114014,
      -137.86444091796875
    ],
    "robot_joints_pose": [
      60.44220733642578,
      -76.00145721435547,
      48.35289764404297,
      -41.450218200683594,
      -125.65509796142578,
      -67.43364715576172
    ]
  },
  "stereo_pose_015": {
    "robot_tcp_pose": [
      -124.60466003417969,
      -357.6794128417969,
      367.6436767578125,
      137.8161163330078,
      13.410346031188965,
      -134.60159301757812
    ],
    "robot_joints_pose": [
      64.1333999633789,
      -69.1966781616211,
      48.35420227050781,
      -41.45696258544922,
      -125.50215911865234,
      -67.4319076538086
    ]
  },
  "stereo_pose_016": {
    "robot_tcp_pose": [
      -6.743855953216553,
      -320.9947814941406,
      406.49835205078125,
      137.92996215820312,
      16.274356842041016,
      -118.65222930908203
    ],
    "robot_joints_pose": [
      80.62725067138672,
      -77.2995834350586,
      48.34745788574219,
      -30.67643928527832,
      -124.31737518310547,
      -67.43408203125
    ]
  },
  "stereo_pose_017": {
    "robot_tcp_pose": [
      0.0985821932554245,
      -312.1167907714844,
      430.9382629394531,
      146.09559631347656,
      -14.57602596282959,
      -150.92306518554688
    ],
    "robot_joints_pose": [
      80.6224594116211,
      -81.3405990600586,
      48.298072814941406,
      -36.045597076416016,
      -120.69493103027344,
      -28.19048309326172
    ]
  },
  "stereo_pose_018": {
    "robot_tcp_pose": [
      16.8323917388916,
      -222.16802978515625,
      488.88836669921875,
      154.26348876953125,
      -18.97682762145996,
      -153.65724182128906
    ],
    "robot_joints_pose": [
      80.60810089111328,
      -95.658935546875,
      48.25238800048828,
      -30.571796417236328,
      -119.43161010742188,
      -28.19331169128418
    ]
  },