{
    "img_20250417_124259_295379.png": {
        "tcp_coords": [
            -362.8241882324219,
            -3.9415721893310547,
            529.2982788085938,
            -62.27796936035156,
            11.921278953552246,
            60.817283630371094
        ],
        "camera_coords": [
            -362.8241882324219,
            51.058427810668945,
            404.29827880859375,
            -62.27796936035156,
            11.921278953552246,
            60.817283630371094
        ]
    },
    "img_20250417_132437_284322.png": {
        "tcp_coords": [
            -253.3322296142578,
            192.85060119628906,
            121.46714782714844,
            -105.32697296142578,
            6.946361064910889,
            162.11158752441406
        ],
        "camera_coords": [
            -253.3322296142578,
            247.85060119628906,
            -3.5328521728515625,
            -105.32697296142578,
            6.946361064910889,
            162.11158752441406
        ]
    },
    "img_20250417_132716_278253.png": {
        "tcp_coords": [
            -272.4961242675781,
            -218.14907836914062,
            495.0068664550781,
            158.35450744628906,
            1.2929003238677979,
            -80.9546890258789
        ],
        "camera_coords": [
            -272.4961242675781,
            -163.14907836914062,
            370.0068664550781,
            158.35450744628906,
            1.2929003238677979,
            -80.9546890258789
        ]
    },
    "img_20250417_132856_028099.png": {
        "tcp_coords": [
            -281.61712646484375,
            -210.3092498779297,
            493.3309326171875,
            159.32550048828125,
            -1.4695321321487427,
            -82.59719848632812
        ],
        "camera_coords": [
            -281.61712646484375,
            -155.3092498779297,
            368.3309326171875,
            159.32550048828125,
            -1.4695321321487427,
            -82.59719848632812
        ]
    },
    "img_20250417_133149_724453.png": {
        "tcp_coords": [
            109.98883056640625,
            -283.2087097167969,
            38.375831604003906,
            -87.80305480957031,
            6.065819263458252,
            95.36981964111328
        ],
        "camera_coords": [
            109.98883056640625,
            -228.20870971679688,
            -86.6241683959961,
            -87.80305480957031,
            6.065819263458252,
            95.36981964111328
        ]
    },
    "img_20250417_133239_770999.png": {
        "tcp_coords": [
            113.925048828125,
            -290.745361328125,
            34.63092041015625,
            -88.13187408447266,
            8.653947830200195,
            91.78041076660156
        ],
        "camera_coords": [
            113.925048828125,
            -235.745361328125,
            -90.36907958984375,
            -88.13187408447266,
            8.653947830200195,
            91.78041076660156
        ]
    },
    "img_20250417_133342_575252.png": {
        "tcp_coords": [
            -320.909912109375,
            224.80987548828125,
            121.93354034423828,
            -111.50470733642578,
            -3.28361177444458,
            170.6467742919922
        ],
        "camera_coords": [
            -320.909912109375,
            279.80987548828125,
            -3.0664596557617188,
            -111.50470733642578,
            -3.28361177444458,
            170.6467742919922
        ]
    }
}